ue,msg2_frame,msg2_slot,msg3_frame,msg3_slot,rb_start,rb_size
e894,688,10,688,19,0,8
264e,688,10,688,19,8,8
1c28,688,17,689,7,0,8
5f64,688,17,689,7,8,8
bfe4,690,10,690,19,0,8
ceea,690,10,690,19,8,8
4d84,690,17,691,7,0,8
4f70,690,17,691,7,8,8
ec9a,692,10,692,19,0,8
18cf,692,10,692,19,8,8
2d13,692,17,693,7,0,8
3ef4,692,17,693,7,8,8
1e40,694,10,694,19,0,8
2ad6,694,10,694,19,8,8
fc5c,694,17,695,7,0,8
7f00,694,17,695,7,8,8
6e1b,696,10,696,19,0,8
1330,696,10,696,19,8,8
b33f,696,17,697,7,0,8
6a8f,696,17,697,7,8,8
c8b0,698,10,698,19,0,8
fe17,698,10,698,19,8,8
1d7d,698,17,699,7,0,8
9b56,698,17,699,7,8,8
9f33,700,10,700,19,0,8
07ba,700,10,700,19,8,8
84d4,700,17,701,7,0,8
8c8e,700,17,701,7,8,8
635d,702,10,702,19,0,8
8bd0,702,10,702,19,8,8
b190,702,17,703,7,0,8
fb50,702,17,703,7,8,8
dc93,704,10,704,19,0,8
911b,704,10,704,19,8,8
56d6,704,17,705,7,0,8
8dfd,704,17,705,7,8,8
c759,706,10,706,19,0,8
9a91,706,10,706,19,8,8
a78b,706,17,707,7,0,8
2f1c,706,17,707,7,8,8
05a5,708,10,708,19,0,8
4a88,708,10,708,19,8,8
f9ea,708,17,709,7,0,8
d52a,708,17,709,7,8,8
fdad,710,10,710,19,0,8
b245,710,10,710,19,8,8
e503,710,17,711,7,0,8
f025,710,17,711,7,8,8
695e,712,10,712,19,0,8
8829,712,10,712,19,8,8
27f4,712,17,713,7,0,8
06a0,712,17,713,7,8,8
625b,714,10,714,19,0,8
4516,714,10,714,19,8,8
4e33,714,17,715,7,0,8
f8ef,714,17,715,7,8,8
c83b,716,10,716,19,0,8
1984,716,10,716,19,8,8
6111,716,17,717,7,0,8
59f7,716,17,717,7,8,8
86ed,718,10,718,19,0,8
7c4a,718,10,718,19,8,8
5ed6,718,17,719,7,0,8
c0a9,718,17,719,7,8,8
d81d,720,10,720,19,0,8
e8fb,720,10,720,19,8,8
44a8,720,17,721,7,0,8
66b2,720,17,721,7,8,8
6d82,722,10,722,19,0,8
fc90,722,10,722,19,8,8
a517,722,17,723,7,0,8
723b,722,17,723,7,8,8
1cfc,724,10,724,19,0,8
0bee,724,10,724,19,8,8
af98,724,17,725,7,0,8
76ea,724,17,725,7,8,8
c734,726,10,726,19,0,8
81d2,726,10,726,19,8,8
dfdc,726,17,727,7,0,8
bba5,726,17,727,7,8,8
8adf,728,10,728,19,0,8
0a6c,728,10,728,19,8,8
d83a,728,17,729,7,0,8
c267,728,17,729,7,8,8
91d6,730,10,730,19,0,8
101b,730,10,730,19,8,8
2441,730,17,731,7,0,8
cb56,730,17,731,7,8,8
f6fb,732,10,732,19,0,8
7e24,732,10,732,19,8,8
2b9f,732,17,733,7,0,8
04ae,732,17,733,7,8,8
04ee,734,10,734,19,0,8
1e7f,734,10,734,19,8,8
c956,734,17,735,7,0,8
628b,734,17,735,7,8,8
9b1e,736,10,736,19,0,8
ee07,736,10,736,19,8,8
2945,736,17,737,7,0,8
5114,736,17,737,7,8,8
74f6,738,10,738,19,0,8
593b,738,10,738,19,8,8
b0e7,738,17,739,7,0,8
d9fc,738,17,739,7,8,8
70c3,740,10,740,19,0,8
bf55,740,10,740,19,8,8
11ee,740,17,741,7,0,8
9ffa,740,17,741,7,8,8
7215,742,10,742,19,0,8
1562,742,10,742,19,8,8
1f8b,742,17,743,7,0,8
4b50,742,17,743,7,8,8
a917,744,10,744,19,0,8
8ae4,744,10,744,19,8,8
3d43,744,17,745,7,0,8
3b92,744,17,745,7,8,8
e8fc,746,10,746,19,0,8
e0c6,746,10,746,19,8,8
c14c,746,17,747,7,0,8
fd25,746,17,747,7,8,8
5196,748,10,748,19,0,8
c32f,748,10,748,19,8,8
4f57,748,17,749,7,0,8
8801,748,17,749,7,8,8
923d,750,10,750,19,0,8
0d4f,750,10,750,19,8,8
8471,750,17,751,7,0,8
b1e6,750,17,751,7,8,8
bd93,752,10,752,19,0,8
c6b2,752,10,752,19,8,8
9848,752,17,753,7,0,8
1f26,752,17,753,7,8,8
4253,754,10,754,19,0,8
4d07,754,10,754,19,8,8
dd04,754,17,755,7,0,8
7804,754,17,755,7,8,8
2a81,756,10,756,19,0,8
e6b6,756,10,756,19,8,8
40bb,756,17,757,7,0,8
98cd,756,17,757,7,8,8
0788,758,10,758,19,0,8
96a1,758,10,758,19,8,8
feff,758,17,759,7,0,8
0bee,758,17,759,7,8,8
1af6,760,10,760,19,0,8
400b,760,10,760,19,8,8
b9d4,760,17,761,7,0,8
5920,760,17,761,7,8,8
97e5,762,10,762,19,0,8
7ab1,762,10,762,19,8,8
14e0,762,17,763,7,0,8
11d7,762,17,763,7,8,8
56d1,764,10,764,19,0,8
925d,764,10,764,19,8,8
bbe9,764,17,765,7,0,8
77c9,764,17,765,7,8,8
f075,766,10,766,19,0,8
6ba6,766,10,766,19,8,8
3f2e,766,17,767,7,0,8
a1cf,766,17,767,7,8,8
5d53,768,10,768,19,0,8
9307,768,10,768,19,8,8
d7f2,768,17,769,7,0,8
cb59,768,17,769,7,8,8
379a,770,10,770,19,0,8
749d,770,10,770,19,8,8
8ed1,770,17,771,7,0,8
b159,770,17,771,7,8,8
5989,772,10,772,19,0,8
82e6,772,10,772,19,8,8
fa63,772,17,773,7,0,8
33fc,772,17,773,7,8,8
654d,774,10,774,19,0,8
97b2,774,10,774,19,8,8
eb18,774,17,775,7,0,8
641d,774,17,775,7,8,8
e11e,776,10,776,19,0,8
2aca,776,10,776,19,8,8
49cd,776,17,777,7,0,8
e337,776,17,777,7,8,8
01de,778,10,778,19,0,8
2a2b,778,10,778,19,8,8
f03d,778,17,779,7,0,8
df37,778,17,779,7,8,8
5628,780,10,780,19,0,8
7220,780,10,780,19,8,8
6438,780,17,781,7,0,8
74ad,780,17,781,7,8,8
127c,782,10,782,19,0,8
b128,782,10,782,19,8,8
d9fd,782,17,783,7,0,8
ae91,782,17,783,7,8,8
bea7,784,10,784,19,0,8
56bf,784,10,784,19,8,8
072a,784,17,785,7,0,8
fa14,784,17,785,7,8,8
8566,786,10,786,19,0,8
0a3d,786,10,786,19,8,8
c6b9,786,17,787,7,0,8
bc4b,786,17,787,7,8,8
1852,788,10,788,19,0,8
4735,788,10,788,19,8,8
ce4b,788,17,789,7,0,8
53ef,788,17,789,7,8,8
1ea6,790,10,790,19,0,8
20c7,790,10,790,19,8,8
333b,790,17,791,7,0,8
2bc5,790,17,791,7,8,8
efde,792,10,792,19,0,8
1f0e,792,10,792,19,8,8
7a8e,792,17,793,7,0,8
b17a,792,17,793,7,8,8
b283,794,10,794,19,0,8
e16b,794,10,794,19,8,8
8f9c,794,17,795,7,0,8
f2d5,794,17,795,7,8,8
14b2,796,10,796,19,0,8
d64f,796,10,796,19,8,8
974f,796,17,797,7,0,8
0e2f,796,17,797,7,8,8
7e66,798,10,798,19,0,8
a385,798,10,798,19,8,8
c761,798,17,799,7,0,8
3d59,798,17,799,7,8,8
f4e7,800,10,800,19,0,8
dfc5,800,10,800,19,8,8
4566,800,17,801,7,0,8
1ea0,800,17,801,7,8,8
fe02,802,10,802,19,0,8
f640,802,10,802,19,8,8
bafe,802,17,803,7,0,8
d75d,802,17,803,7,8,8
4c28,804,10,804,19,0,8
e604,804,10,804,19,8,8
b54a,804,17,805,7,0,8
78fc,804,17,805,7,8,8
4f67,806,10,806,19,0,8
c0fe,806,10,806,19,8,8
fcb5,806,17,807,7,0,8
08a8,806,17,807,7,8,8
19bf,808,10,808,19,0,8
aa5f,808,10,808,19,8,8
5823,808,17,809,7,0,8
41c4,808,17,809,7,8,8
73cf,810,10,810,19,0,8
f672,810,10,810,19,8,8
786b,810,17,811,7,0,8
dc2e,810,17,811,7,8,8
ab40,812,10,812,19,0,8
c217,812,10,812,19,8,8
7a66,812,17,813,7,0,8
6df9,812,17,813,7,8,8
4b97,814,10,814,19,0,8
85f9,814,10,814,19,8,8
e6fd,814,17,815,7,0,8
1012,814,17,815,7,8,8
7f7b,816,10,816,19,0,8
983d,816,10,816,19,8,8
7053,816,17,817,7,0,8
4372,816,17,817,7,8,8
6aeb,818,10,818,19,0,8
79b1,818,10,818,19,8,8
fe2d,818,17,819,7,0,8
a8e0,818,17,819,7,8,8
d98a,820,10,820,19,0,8
f757,820,10,820,19,8,8
1ed8,820,17,821,7,0,8
c32b,820,17,821,7,8,8
3c51,822,10,822,19,0,8
bd33,822,10,822,19,8,8
43a5,822,17,823,7,0,8
9378,822,17,823,7,8,8
ea91,824,10,824,19,0,8
f130,824,10,824,19,8,8
da22,824,17,825,7,0,8
36b6,824,17,825,7,8,8
9dcd,826,10,826,19,0,8
37da,826,10,826,19,8,8
2ec1,826,17,827,7,0,8
dd87,826,17,827,7,8,8
9466,828,10,828,19,0,8
6826,828,10,828,19,8,8
916c,828,17,829,7,0,8
2757,828,17,829,7,8,8
4b80,830,10,830,19,0,8
54ac,830,10,830,19,8,8
6c95,830,17,831,7,0,8
953c,830,17,831,7,8,8
b407,832,10,832,19,0,8
f2b4,832,10,832,19,8,8
388a,832,17,833,7,0,8
8f51,832,17,833,7,8,8
ae53,834,10,834,19,0,8
025e,834,10,834,19,8,8
64e1,834,17,835,7,0,8
e78f,834,17,835,7,8,8
a73b,836,10,836,19,0,8
ca1c,836,10,836,19,8,8
74c9,836,17,837,7,0,8
e350,836,17,837,7,8,8
94e0,838,10,838,19,0,8
33d7,838,10,838,19,8,8
cc91,838,17,839,7,0,8
af14,838,17,839,7,8,8
8e66,840,10,840,19,0,8
3799,840,10,840,19,8,8
c2c4,840,17,841,7,0,8
a2e5,840,17,841,7,8,8
5193,842,10,842,19,0,8
161d,842,10,842,19,8,8
4a5e,842,17,843,7,0,8
f52f,842,17,843,7,8,8
2282,844,10,844,19,0,8
5d26,844,10,844,19,8,8
60f7,844,17,845,7,0,8
fe8f,844,17,845,7,8,8
99b9,846,10,846,19,0,8
3fd2,846,10,846,19,8,8
4dac,846,17,847,7,0,8
f358,846,17,847,7,8,8
6a69,848,10,848,19,0,8
b7e0,848,10,848,19,8,8
e275,848,17,849,7,0,8
112e,848,17,849,7,8,8
d6c4,850,10,850,19,0,8
d948,850,10,850,19,8,8
9bb9,850,17,851,7,0,8
e080,850,17,851,7,8,8
30d6,852,10,852,19,0,8
dd02,852,10,852,19,8,8
610d,852,17,853,7,0,8
825d,852,17,853,7,8,8
f566,854,10,854,19,0,8
ef5d,854,10,854,19,8,8
0554,854,17,855,7,0,8
e152,854,17,855,7,8,8
2df8,856,10,856,19,0,8
db51,856,10,856,19,8,8
e400,856,17,857,7,0,8
1329,856,17,857,7,8,8
8dda,858,10,858,19,0,8
f8bb,858,10,858,19,8,8
ba4e,858,17,859,7,0,8
ffb4,858,17,859,7,8,8
0845,860,10,860,19,0,8
7739,860,10,860,19,8,8
0e6e,860,17,861,7,0,8
9c7c,860,17,861,7,8,8
13ee,864,10,864,19,0,8
67d4,864,10,864,19,8,8
e479,864,17,865,7,0,8
3ca3,864,17,865,7,8,8
2bb7,866,10,866,19,0,8
d8d8,866,10,866,19,8,8
393f,866,17,867,7,0,8
7297,866,17,867,7,8,8
2d5a,868,10,868,19,0,8
dd5d,868,10,868,19,8,8
dbac,868,17,869,7,0,8
70cd,868,17,869,7,8,8
1dca,870,10,870,19,0,8
6758,870,10,870,19,8,8
e792,870,17,871,7,0,8
a9d0,870,17,871,7,8,8
e2e6,872,10,872,19,0,8
38f3,872,10,872,19,8,8
0422,872,17,873,7,0,8
6276,872,17,873,7,8,8
82a0,874,10,874,19,0,8
73da,874,10,874,19,8,8
b8ee,874,17,875,7,0,8
263c,874,17,875,7,8,8
765c,876,10,876,19,0,8
7b3c,876,10,876,19,8,8
da86,876,17,877,7,0,8
cb5e,876,17,877,7,8,8
ef46,878,10,878,19,0,8
90f2,878,10,878,19,8,8
1faa,878,17,879,7,0,8
3b65,878,17,879,7,8,8
7486,880,10,880,19,0,8
c0f1,880,10,880,19,8,8
09e4,880,17,881,7,0,8
fe20,880,17,881,7,8,8
f1af,882,10,882,19,0,8
89eb,882,10,882,19,8,8
2374,882,17,883,7,0,8
503b,882,17,883,7,8,8
0a0c,884,10,884,19,0,8
817b,884,10,884,19,8,8
49b0,884,17,885,7,0,8
2c3b,884,17,885,7,8,8
d731,886,10,886,19,0,8
43b1,886,10,886,19,8,8
1975,886,17,887,7,0,8
ad1b,886,17,887,7,8,8
6446,888,10,888,19,0,8
40e2,888,10,888,19,8,8
4ce8,888,17,889,7,0,8
c671,888,17,889,7,8,8
e379,890,10,890,19,0,8
8816,890,10,890,19,8,8
63c7,890,17,891,7,0,8
4713,890,17,891,7,8,8
59cb,892,10,892,19,0,8
b63f,892,10,892,19,8,8
80a2,892,17,893,7,0,8
3303,892,17,893,7,8,8
436e,894,10,894,19,0,8
dad4,894,10,894,19,8,8
46b6,894,17,895,7,0,8
2141,894,17,895,7,8,8
d17b,896,10,896,19,0,8
8479,896,10,896,19,8,8
fdcb,896,17,897,7,0,8
b424,896,17,897,7,8,8
48be,898,10,898,19,0,8
7749,898,10,898,19,8,8
02c1,898,17,899,7,0,8
b069,898,17,899,7,8,8
5bf0,900,10,900,19,0,8
a381,900,10,900,19,8,8
0ce4,900,17,901,7,0,8
9894,900,17,901,7,8,8
3a5b,902,10,902,19,0,8
9348,902,10,902,19,8,8
5e84,902,17,903,7,0,8
c6cd,902,17,903,7,8,8
bf0a,904,10,904,19,0,8
4765,904,10,904,19,8,8
0639,904,17,905,7,0,8
e28e,904,17,905,7,8,8
987b,906,10,906,19,0,8
3d37,906,10,906,19,8,8
76d3,906,17,907,7,0,8
5d5b,906,17,907,7,8,8
